{
  "main.joker_laugh": {
    "sounds": [
      "joker_laugh"
    ],
    "category": "player"
  },
  "main.joker": {
    "sounds": [
      "joker"
    ],
    "category": "player"
  },
  "suit.sword": {
    "sounds": [
      "sword"
    ],
    "category": "player"
  },
  "main.chi_energy": {
    "sounds": [
      "chi_energy"
    ],
    "category": "player"
  },
  "main.powerpunch": {
    "sounds": [
      "power_punch"
    ],
    "category": "player"
  },
  "main.sword.on": {
    "sounds": [
      "sword_on"
    ],
    "category": "player"
  },
  "main.sword.off": {
    "sounds": [
      "sword_off"
    ],
    "category": "player"
  },
  "main.thunderclap": {
    "sounds": [
      "thunderclap"
    ],
    "category": "player"
  },
  "main.batman": {
    "sounds": [
      "batman"
    ],
    "category": "player"
  },
  "main.puss_in_boots_1": {
    "sounds": [
      "puss_in_boots_1"
    ],
    "category": "player"
  },
  "main.shazam_family": {
    "sounds": [
      "shazam_family"
    ],
    "category": "player"
  },
  "main.shazam_adam": {
    "sounds": [
      "shazam_adam"
    ],
    "category": "player"
  },
  "main.For_the_glory_of_Merlin_Daylight_is_mine_to_command_": {
    "sounds": [
      "For_the_glory_of_Merlin_Daylight_is_mine_to_command_"
    ],
    "category": "player"
  },
  "main.turbo_energy": {
    "sounds": [
      "turbo_energy"
    ],
    "category": "player"
  },
  "main.speed": {
    "sounds": [
      "speed"
    ],
    "category": "player"
  },
  "main.ghost": {
    "sounds": [
      "ghost"
    ],
    "category": "player"
  },
  "main.energy": {
    "sounds": [
      "energy"
    ],
    "category": "player"
  },
  "main.fly": {
    "sounds": [
      "fly"
    ],
    "category": "player"
  },
  "main.power": {
    "sounds": [
      "power"
    ],
    "category": "player"
  },
  "main.shazam": {
    "sounds": [
      "shazam"
    ],
    "category": "player"
  },
  "main.avada_kedavra": {
    "sounds": [
      "avada_kedavra"
    ],
    "category": "player"
  },
  "main.expelliarmus": {
    "sounds": [
      "expelliarmus"
    ],
    "category": "player"
  },
  "main.smoke": {
    "sounds": [
      "smoke"
    ],
    "category": "player"
  },
  "main.jump": {
    "sounds": [
      "jump1",
      "jump2"
    ],
    "category": "player"
  },
  "call": {
    "sounds": [
      "call"
    ],
    "category": "player"
  },
  "suit.lightning_cast.loop": {
    "sounds": [
      "lightning_cast_loop"
    ],
    "category": "player"
  },
  "suit.lightning_cast.start": {
    "sounds": [
      "lightning_cast_start"
    ],
    "category": "player"
  },
  "main.shazam_hurud": {
    "sounds": [
      "shazam_hurud"
    ],
    "category": "player"
  },
  "main.shazam_wizard": {
    "sounds": [
      "shazam_wizard"
    ],
    "category": "player"
  },
  "main.superhero_landing_1": {
    "sounds": [
      "superhero_landing_1"
    ],
    "category": "player"
  },
  "main.lightning_cast": {
    "sounds": [
      "lightning_cast1"
    ],
    "category": "player"
  },
  "main.death_1": {
    "sounds": [
      "death_1"
    ],
    "category": "player"
  }
}
