{
  "main.joker_laugh": {
    "sounds": [
      "joker_laugh"
    ],
    "category": "player"
  },
  "main.joker": {
    "sounds": [
      "joker"
    ],
    "category": "player"
  },
  "suit.sword": {
    "sounds": [
      "sword"
    ],
    "category": "player"
  },
  "main.batman": {
    "sounds": [
      "batman"
    ],
    "category": "player"
  },
  "main.puss_in_boots_1": {
    "sounds": [
      "puss_in_boots_1"
    ],
    "category": "player"
  },
  "main.shazam.enable": {
    "sounds": [
      "shazam"
    ],
    "category": "player"
  },
  "main.shazam.disable": {
    "sounds": [
      "shazam"
    ],
    "category": "player"
  },
  "main.death_1": {
    "sounds": [
      "death_1"
    ],
    "category": "player"
  }
}
