{
  "main.transform": {
    "sounds": [
      "transform"
    ],
    "category": "player"
  },
  "main.kurdum": {
    "sounds": [
      "kurdum",
      "noluuur"
    ],
    "category": "player"
  },
  "main.kkkurdum": {
    "sounds": [
      "kkkurdum",
      "kurtemad"
    ],
    "category": "player"
  },
  "main.sahtekar": {
    "sounds": [
      "sahtekar"
    ],
    "category": "player"
  },
  "main.vurma": {
    "sounds": [
      "vurma"
    ],
    "category": "player"
  },
  "main.kevin_abosrbing": {
    "sounds": [
      "kevin_abosrbing"
    ],
    "category": "player"
  },
  "main.joker_laugh": {
    "sounds": [
      "joker_laugh",
      "joker"
    ],
    "category": "player"
  },
  "main.symbiote": {
    "sounds": [
      "symbiote"
    ],
    "category": "player"
  },
  "main.azarath_metrion_zinthos": {
    "sounds": [
      "azarath_metrion_zinthos"
    ],
    "category": "player"
  },
  "main.queenbee": {
    "sounds": [
      "queenbee"
    ],
    "category": "player"
  },
  "main.catnoir": {
    "sounds": [
      "catnoir"
    ],
    "category": "player"
  },
  "main.ladybug": {
    "sounds": [
      "ladybug"
    ],
    "category": "player"
  },
  "main.horse.run": {
    "sounds": [
      "horse_step_run"
    ],
    "category": "player"
  },
  "main.cannonspike": {
    "sounds": [
      "cannonspike"
    ],
    "category": "player"
  },
  "main.hydroheat": {
    "sounds": [
      "hydroheat"
    ],
    "category": "player"
  },
  "main.canary_cry": {
    "sounds": [
      "canary_cry"
    ],
    "category": "player"
  },
  "main.wind": {
    "sounds": [
      "wind"
    ],
    "category": "player"
  },
  "main.wind_dragon": {
    "sounds": [
      "wind_dragon"
    ],
    "category": "player"
  },
  "main.water_dragon": {
    "sounds": [
      "water_dragon"
    ],
    "category": "player"
  },
  "main.yoyo": {
    "sounds": [
      "yoyo"
    ],
    "category": "player"
  },
  "main.infinity_stones": {
    "sounds": [
      "infinty_stones",
      "infinty_stone"
    ],
    "category": "player"
  },
  "main.burrow": {
    "sounds": [
      "burrow"
    ],
    "category": "player"
  },
  "main.buzz_on": {
    "sounds": [
      "buzz_on"
    ],
    "category": "player"
  },
  "main.five_minutes": {
    "sounds": [
      "five_minutes"
    ],
    "category": "player"
  },
  "main.heat_vision_charge_1": {
    "sounds": [
      "heat_vision_charge_1",
      "heat_vision_charge_2"
    ],
    "category": "player"
  },
  "main.heat_vision_start_2": {
    "sounds": [
      "heat_vision_start_1",
      "heat_vision_start_2"
    ],
    "category": "player"
  },
  "main.heat_vision_loop": {
    "sounds": [
      "heat_vision_loop"
    ],
    "category": "player"
  },
  "main.luckycharm": {
    "sounds": [
      "luckycharm"
    ],
    "category": "player"
  },
  "main.mirage": {
    "sounds": [
      "mirage"
    ],
    "category": "player"
  },
  "main.multitude": {
    "sounds": [
      "multitude"
    ],
    "category": "player"
  },
  "main.mybeautifulamok": {
    "sounds": [
      "mybeautifulamok"
    ],
    "category": "player"
  },
  "main.mylittleakuma": {
    "sounds": [
      "mylittleakuma"
    ],
    "category": "player"
  },
  "main.new_york_transform": {
    "sounds": [
      "new_york_transform"
    ],
    "category": "player"
  },
  "main.plagg_cataclysm": {
    "sounds": [
      "plagg_cataclysm"
    ],
    "category": "player"
  },
  "main.second_chance_reset": {
    "sounds": [
      "second_chance_reset"
    ],
    "category": "player"
  },
  "main.second_chance_set": {
    "sounds": [
      "second_chance_set"
    ],
    "category": "player"
  },
  "main.shellter": {
    "sounds": [
      "shellter"
    ],
    "category": "player"
  },
  "main.showtime": {
    "sounds": [
      "showtime"
    ],
    "category": "player"
  },
  "main.uproar": {
    "sounds": [
      "uproar"
    ],
    "category": "player"
  },
  "main.venom": {
    "sounds": [
      "venom"
    ],
    "category": "player"
  },
  "main.voyage": {
    "sounds": [
      "voyage"
    ],
    "category": "player"
  },
  "main.sonic2": {
    "sounds": [
      "sonic2"
    ],
    "category": "player"
  },
  "main.sonicflight": {
    "sounds": [
      "sonicflight"
    ],
    "category": "player"
  },
  "main.spikeform": {
    "sounds": [
      "spikeform"
    ],
    "category": "player"
  },
  "main.bike.enable": {
    "sounds": [
      "bike_idle"
    ],
    "category": "player"
  },
  "main.bike.moving": {
    "sounds": [
      "bike_moving"
    ],
    "category": "player"
  },
  "main.bike.disable": {
    "sounds": [
      "bike_off"
    ],
    "category": "player"
  },
  "main.groot": {
    "sounds": [
      "im_groot",
      "im_groot_2",
      "im_groot_3",
      "im_groot_4"
    ],
    "category": "player"
  },
  "main.swing": {
    "sounds": [
      "swing1",
      "swing2",
      "swing3",
      "swing4"
    ],
    "category": "player"
  },
  "suit.sword": {
    "sounds": [
      "sword"
    ],
    "category": "player"
  },
  "suit.water": {
    "sounds": [
      "water_ball"
    ],
    "category": "player"
  },
  "suit.truepotential": {
    "sounds": [
      "true_potential_zane"
    ],
    "category": "player"
  },
  "suit.electricity": {
    "sounds": [
      "electricity"
    ],
    "category": "player"
  },
  "main.chi_energy": {
    "sounds": [
      "chi_energy"
    ],
    "category": "player"
  },
  "main.bracelethit": {
    "sounds": [
      "bracelethit"
    ],
    "category": "player"
  },
  "main.laservision": {
    "sounds": [
      "laservision"
    ],
    "category": "player"
  },
  "main.gun_reload": {
    "sounds": [
      "gun_reload"
    ],
    "category": "player"
  },
  "main.hammercatch": {
    "sounds": [
      "hammercatch"
    ],
    "category": "player"
  },
  "main.blaster": {
    "sounds": [
      "blaster"
    ],
    "category": "player"
  },
  "main.freeze_breath": {
    "sounds": [
      "freeze_breath"
    ],
    "category": "player"
  },
  "main.frost_breath_loop": {
    "sounds": [
      "frost_breath_loop"
    ],
    "category": "player"
  },
  "main.groot_wings_open_false": {
    "sounds": [
      "groot_wings_open_false"
    ],
    "category": "player"
  },
  "main.beetle_flight_beginning": {
    "sounds": [
      "beetle_flight_beginning"
    ],
    "category": "player"
  },
  "main.beetle_blade_enable": {
    "sounds": [
      "beetle_blade_enable"
    ],
    "category": "player"
  },
  "main.buster_sword_crackle": {
    "sounds": [
      "buster_sword_crackle"
    ],
    "category": "player"
  },
  "main.hulk": {
    "sounds": [
      "hulk"
    ],
    "category": "player"
  },
  "main.scarab_enable": {
    "sounds": [
      "scarab_enable"
    ],
    "category": "player"
  },
  "main.beetle_wings": {
    "sounds": [
      "beetle_wings"
    ],
    "category": "player"
  },
  "main.power_punch": {
    "sounds": [
      "power_punch"
    ],
    "category": "player"
  },
  "main.sword_on": {
    "sounds": [
      "sword_on"
    ],
    "category": "player"
  },
  "main.sword_off": {
    "sounds": [
      "sword_off"
    ],
    "category": "player"
  },
  "main.thunderclap": {
    "sounds": [
      "thunderclap"
    ],
    "category": "player"
  },
  "main.batman": {
    "sounds": [
      "batman"
    ],
    "category": "player"
  },
  "main.puss_in_boots_1": {
    "sounds": [
      "puss_in_boots_1"
    ],
    "category": "player"
  },
  "main.shazam_family": {
    "sounds": [
      "shazam_family"
    ],
    "category": "player"
  },
  "main.shazam_adam": {
    "sounds": [
      "shazam_adam"
    ],
    "category": "player"
  },
  "main.For_the_glory_of_Merlin_Daylight_is_mine_to_command_": {
    "sounds": [
      "For_the_glory_of_Merlin_Daylight_is_mine_to_command_"
    ],
    "category": "player"
  },
  "main.For_the_Doom_of_Gunmar_Eclipse_is_Mine_to_Command!": {
    "sounds": [
      "For_the_Doom_of_Gunmar_Eclipse_is_Mine_to_Command!"
    ],
    "category": "player"
  },
  "main.daylight_untransform": {
    "sounds": [
      "daylight_untransform"
    ],
    "category": "player"
  },
  "main.superucus": {
    "sounds": [
      "superucus"
    ],
    "category": "player"
  },
  "main.cannon": {
    "sounds": [
      "cannon"
    ],
    "category": "player"
  },
  "main.titan": {
    "sounds": [
      "titan"
    ],
    "category": "player"
  },
  "main.spike": {
    "sounds": [
      "spike"
    ],
    "category": "player"
  },
  "main.nova": {
    "sounds": [
      "nova",
      "nova2"
    ],
    "category": "player"
  },
  "main.clone": {
    "sounds": [
      "clone"
    ],
    "category": "player"
  },
  "main.exostrenght": {
    "sounds": [
      "exostrenght"
    ],
    "category": "player"
  },
  "main.annihilation": {
    "sounds": [
      "annihilation"
    ],
    "category": "player"
  },
  "main.heat": {
    "sounds": [
      "heat"
    ],
    "category": "player"
  },
  "main.rocket": {
    "sounds": [
      "rocket"
    ],
    "category": "player"
  },
  "modifier.confringo": {
    "sounds": [
      "confringo"
    ],
    "category": "player"
  },
  "main.turbo_energy": {
    "sounds": [
      "turbo_energy"
    ],
    "category": "player"
  },
  "main.scuba": {
    "sounds": [
      "scuba"
    ],
    "category": "player"
  },
  "main.speed": {
    "sounds": [
      "speed"
    ],
    "category": "player"
  },
  "main.ghost": {
    "sounds": [
      "ghost"
    ],
    "category": "player"
  },
  "main.energy": {
    "sounds": [
      "energy"
    ],
    "category": "player"
  },
  "main.fly": {
    "sounds": [
      "fly"
    ],
    "category": "player"
  },
  "main.power": {
    "sounds": [
      "power"
    ],
    "category": "player"
  },
  "main.shazam": {
    "sounds": [
      "shazam"
    ],
    "category": "player"
  },
  "main.avada_kedavra": {
    "sounds": [
      "avada_kedavra"
    ],
    "category": "player"
  },
  "main.expelliarmus": {
    "sounds": [
      "expelliarmus"
    ],
    "category": "player"
  },
  "main.smoke": {
    "sounds": [
      "smoke"
    ],
    "category": "player"
  },
  "main.jump": {
    "sounds": [
      "jump1"
    ],
    "category": "player"
  },
  "call": {
    "sounds": [
      "call"
    ],
    "category": "player"
  },
  "suit.lightning_cast.loop": {
    "sounds": [
      "lightning_cast_loop"
    ],
    "category": "player"
  },
  "suit.lightning_cast.start": {
    "sounds": [
      "lightning_cast_start"
    ],
    "category": "player"
  },
  "main.shazam_hurud": {
    "sounds": [
      "shazam_hurud"
    ],
    "category": "player"
  },
  "main.shazam_wizard": {
    "sounds": [
      "shazam_wizard"
    ],
    "category": "player"
  },
  "main.superhero_landing_1": {
    "sounds": [
      "superhero_landing_1"
    ],
    "category": "player"
  },
  "main.lightning_cast": {
    "sounds": [
      "lightning_cast1"
    ],
    "category": "player"
  },
  "main.death_1": {
    "sounds": [
      "death_1"
    ],
    "category": "player"
  }
}
