{
  "main.joker_laugh": {
    "sounds": [
      "joker_laugh"
    ],
    "category": "player"
  },
  "main.joker": {
    "sounds": [
      "joker"
    ],
    "category": "player"
  },
  "suit.sword": {
    "sounds": [
      "sword"
    ],
    "category": "player"
  },
  "main.batman": {
    "sounds": [
      "batman"
    ],
    "category": "player"
  },
  "main.puss_in_boots_1": {
    "sounds": [
      "puss_in_boots_1"
    ],
    "category": "player"
  },
  "main.shazam_family": {
    "sounds": [
      "shazam_family"
    ],
    "category": "player"
  },
  "main.shazam_adam": {
    "sounds": [
      "shazam_adam"
    ],
    "category": "player"
  },
  "jump": {
    "sounds": [
      "jump1",
      "jump2"
    ],
    "category": "player"
  },
  "main.shazam_hurud": {
    "sounds": [
      "shazam_hurud"
    ],
    "category": "player"
  },
  "main.shazam_wizard": {
    "sounds": [
      "shazam_wizard"
    ],
    "category": "player"
  },
  "main.superhero_landing_1": {
    "sounds": [
      "superhero_landing_1"
    ],
    "category": "player"
  },
  "suit.mysterio.beam.aim": {
    "sounds": [
      "suit/mysterio/beam_aim"
    ],
    "category": "player"
  },
  "suit.mysterio.beam.loop": {
    "sounds": [
      "suit/mysterio/beam_loop"
    ],
    "category": "player"
  },
  "suit.mysterio.beam.start": {
    "sounds": [
      "suit/mysterio/beam_start"
    ],
    "category": "player"
  },
  "suit.mysterio.beam.stop": {
    "sounds": [
      "suit/mysterio/beam_stop"
    ],
    "category": "player"
  },
  "main.lightning_cast": {
    "sounds": [
      "lightning_cast1"
    ],
    "category": "player"
  },
  "main.death_1": {
    "sounds": [
      "death_1"
    ],
    "category": "player"
  }
}
