{
  "main.joker_laugh": {
    "sounds": [
      "joker_laugh"
    ],
    "category": "player"
  },
  "main.joker": {
    "sounds": [
      "joker"
    ],
    "category": "player"
  },
  "main.horse.run": {
    "sounds": [
      "horse_step_run"
    ],
    "category": "player"
  },
  "main.cannonspike": {
    "sounds": [
      "cannonspike"
    ],
    "category": "player"
  },
  "main.hydroheat": {
    "sounds": [
      "hydroheat"
    ],
    "category": "player"
  },
  "main.sonicflight": {
    "sounds": [
      "sonicflight"
    ],
    "category": "player"
  },
  "main.spikeform": {
    "sounds": [
      "spikeform"
    ],
    "category": "player"
  },
  "main.bike.enable": {
    "sounds": [
      "bike_idle"
    ],
    "category": "player"
  },
  "main.bike.moving": {
    "sounds": [
      "bike_moving"
    ],
    "category": "player"
  },
  "main.bike.disable": {
    "sounds": [
      "bike_off"
    ],
    "category": "player"
  },
  "main.groot": {
    "sounds": [
      "im_groot",
      "im_groot_2",
      "im_groot_3",
      "im_groot_4"
    ],
    "category": "player"
  },
  "main.swing": {
    "sounds": [
      "swing1",
      "swing2",
      "swing3",
      "swing4"
    ],
    "category": "player"
  },
  "suit.sword": {
    "sounds": [
      "sword"
    ],
    "category": "player"
  },
  "suit.electricity": {
    "sounds": [
      "electricity"
    ],
    "category": "player"
  },
  "main.chi_energy": {
    "sounds": [
      "chi_energy"
    ],
    "category": "player"
  },
  "main.bracelethit": {
    "sounds": [
      "bracelethit"
    ],
    "category": "player"
  },
  "main.laservision": {
    "sounds": [
      "laservision"
    ],
    "category": "player"
  },
  "main.hammercatch": {
    "sounds": [
      "hammercatch"
    ],
    "category": "player"
  },
  "main.blaster": {
    "sounds": [
      "blaster"
    ],
    "category": "player"
  },
  "main.freeze_breath": {
    "sounds": [
      "freeze_breath"
    ],
    "category": "player"
  },
  "main.power_punch": {
    "sounds": [
      "power_punch"
    ],
    "category": "player"
  },
  "main.sword_on": {
    "sounds": [
      "sword_on"
    ],
    "category": "player"
  },
  "main.sword_off": {
    "sounds": [
      "sword_off"
    ],
    "category": "player"
  },
  "main.thunderclap": {
    "sounds": [
      "thunderclap"
    ],
    "category": "player"
  },
  "main.batman": {
    "sounds": [
      "batman"
    ],
    "category": "player"
  },
  "main.puss_in_boots_1": {
    "sounds": [
      "puss_in_boots_1"
    ],
    "category": "player"
  },
  "main.shazam_family": {
    "sounds": [
      "shazam_family"
    ],
    "category": "player"
  },
  "main.shazam_adam": {
    "sounds": [
      "shazam_adam"
    ],
    "category": "player"
  },
  "main.For_the_glory_of_Merlin_Daylight_is_mine_to_command_": {
    "sounds": [
      "For_the_glory_of_Merlin_Daylight_is_mine_to_command_"
    ],
    "category": "player"
  },
  "main.For_the_Doom_of_Gunmar_Eclipse_is_Mine_to_Command!": {
    "sounds": [
      "For_the_Doom_of_Gunmar_Eclipse_is_Mine_to_Command!"
    ],
    "category": "player"
  },
  "main.daylight_untransform": {
    "sounds": [
      "daylight_untransform"
    ],
    "category": "player"
  },
  "main.superucus": {
    "sounds": [
      "superucus"
    ],
    "category": "player"
  },
  "main.cannon": {
    "sounds": [
      "cannon"
    ],
    "category": "player"
  },
  "main.titan": {
    "sounds": [
      "titan"
    ],
    "category": "player"
  },
  "main.spike": {
    "sounds": [
      "spike"
    ],
    "category": "player"
  },
  "main.nova": {
    "sounds": [
      "nova",
      "nova2"
    ],
    "category": "player"
  },
  "main.clone": {
    "sounds": [
      "clone"
    ],
    "category": "player"
  },
  "main.exostrenght": {
    "sounds": [
      "exostrenght"
    ],
    "category": "player"
  },
  "main.annihilation": {
    "sounds": [
      "annihilation"
    ],
    "category": "player"
  },
  "main.heat": {
    "sounds": [
      "heat"
    ],
    "category": "player"
  },
  "main.rocket": {
    "sounds": [
      "rocket"
    ],
    "category": "player"
  },
  "modifier.confringo": {
    "sounds": [
      "confringo"
    ],
    "category": "player"
  },
  "main.turbo_energy": {
    "sounds": [
      "turbo_energy"
    ],
    "category": "player"
  },
  "main.scuba": {
    "sounds": [
      "scuba"
    ],
    "category": "player"
  },
  "main.speed": {
    "sounds": [
      "speed"
    ],
    "category": "player"
  },
  "main.ghost": {
    "sounds": [
      "ghost"
    ],
    "category": "player"
  },
  "main.energy": {
    "sounds": [
      "energy"
    ],
    "category": "player"
  },
  "main.fly": {
    "sounds": [
      "fly"
    ],
    "category": "player"
  },
  "main.power": {
    "sounds": [
      "power"
    ],
    "category": "player"
  },
  "main.shazam": {
    "sounds": [
      "shazam"
    ],
    "category": "player"
  },
  "main.avada_kedavra": {
    "sounds": [
      "avada_kedavra"
    ],
    "category": "player"
  },
  "main.expelliarmus": {
    "sounds": [
      "expelliarmus"
    ],
    "category": "player"
  },
  "main.smoke": {
    "sounds": [
      "smoke"
    ],
    "category": "player"
  },
  "main.jump": {
    "sounds": [
      "jump1"
    ],
    "category": "player"
  },
  "call": {
    "sounds": [
      "call"
    ],
    "category": "player"
  },
  "suit.lightning_cast.loop": {
    "sounds": [
      "lightning_cast_loop"
    ],
    "category": "player"
  },
  "suit.lightning_cast.start": {
    "sounds": [
      "lightning_cast_start"
    ],
    "category": "player"
  },
  "main.shazam_hurud": {
    "sounds": [
      "shazam_hurud"
    ],
    "category": "player"
  },
  "main.shazam_wizard": {
    "sounds": [
      "shazam_wizard"
    ],
    "category": "player"
  },
  "main.superhero_landing_1": {
    "sounds": [
      "superhero_landing_1"
    ],
    "category": "player"
  },
  "main.lightning_cast": {
    "sounds": [
      "lightning_cast1"
    ],
    "category": "player"
  },
  "main.death_1": {
    "sounds": [
      "death_1"
    ],
    "category": "player"
  }
}
